<?xml version="1.0" encoding="utf-8"?>
<ProjectInfo>
	<Project Name="GMTK2025_WwiseProject" GUID="{FC77BCB2-E596-4141-A28E-23081F2EE17B}" Generator="2024.1.5.8803"/>
	<CacheRoot>../../../../GMTK2025_WwiseProject/.cache</CacheRoot>
	<Platforms>
		<Platform Name="Mac" GUID="{86C17500-4B8C-4BB6-83F1-16C6EEE75EF1}" BasePlatform="Mac" BasePlatformGUID="{9C6217D5-DD11-4795-87C1-6CE02853C540}" Path="../../../../GMTK2025_WwiseProject/GeneratedSoundBanks/Mac"/>
		<Platform Name="Web" GUID="{D1F704AA-2315-4F64-B0B0-4C9B4A0D349D}" BasePlatform="Web" BasePlatformGUID="{639AD233-23F2-4C0F-9127-79F44C15E1DA}" Path="../../../../GMTK2025_WwiseProject/GeneratedSoundBanks/Web"/>
		<Platform Name="Windows" GUID="{7AFE23B5-1C86-4BFA-9F36-79DF57A52DA2}" BasePlatform="Windows" BasePlatformGUID="{6E0CB257-C6C8-4C5C-8366-2740DFC441EB}" Path="../../../../GMTK2025_WwiseProject/GeneratedSoundBanks/Windows"/>
	</Platforms>
	<Languages>
		<Language Name="English(US)" Id="684519430" GUID="{80F2A8EA-7FC7-4DB6-92ED-B63ED4A941FE}" Default="true" UseAsStandIn="true"/>
	</Languages>
	<FileHash>{17696D88-57B6-321A-ADB5-D1C112F27327}</FileHash>
</ProjectInfo>
